Portfolio,Annualized Return,Volatility,Sharpe
Tangency (Max Sharpe),0.3168270095476281,0.2620848522560515,1.0562495587389913
Minimum Variance,0.09614673592646404,0.14364485384267597,0.39087189289744817
